"first_name","last_name"
"Cathie","Shimshoni"
"Arun","Kragelund"
"Boguslaw","Millington"
"Vidar","Vidya"
"Herb","Piazza"
"Christfried","Kisuki"
"Toong","Mamelak"
"Tokuyasu","Riexinger"
"Hercules","Narahara"
"Trygve","Marshall"
"Vitaly","Hutton"
"Gladys","Melichar"
"Krister","Rouquie"
"Bilhanan","Talmor"
"Zhigen","Herber"
"Tamiya","Serre"
"Sarita","Ullian"
"Domenick","Talmon"
"Kazuhira","Muhlberg"
"Make","Milicic"
"Zhigen","Perl"
"Chaosheng","Rattan"
"Shushma","Kaiser"
"Shuji","Plump"
"Shih","Zastre"
"Kazuyasu","Angelopoulos"
"Guttorm","Cyre"
"Deniz","Mawatari"
"Shugo","Klerer"
"Lubomir","Woycyznski"
"Gila","Redmiles"
"Sanjay","Highland"
"Urs","Lung"
"Manibrata","Hanratty"
"Gennadi","Highland"
"Heng","Haldar"
"Byong","Zobel"
"Lijie","Azadmanesh"
"Sariel","Simkin"
"Danel","Shumilov"
"Mrinalini","Tiemann"
"Fumiyo","Arlazarov"
"Xianlong","Lunn"
"Toshiki","Goodrum"
"Temple","Ambroszkiewicz"
"Gaurav","Bardell"
"Arun","Georgatos"
"Sergi","Rijckaert"
"Frederique","Thummel"
"Brigham","Schaft"
"Annemarie","Dichev"
"Raimond","Gien"
